{
    "src/addons/QuestionThreads/addon.json": "c186b51d6ef60c3fd9e8bd1524c93a7dcc4e9bbcdecdb59bedacd2a92cb674e8",
    "src/addons/QuestionThreads/ExtendEntities.php": "160120977243212af6cd78f613e09e0a88c0a44c06b87bee944460a12777fef5",
    "src/addons/QuestionThreads/LICENSE": "589ed823e9a84c56feb95ac58e7cf384626b9cbf4fda2a907bc36e103de1bad2",
    "src/addons/QuestionThreads/Setup.php": "899ac1af277341cd913d94f51e2087b722c5a9c6e69e6e68dc9df4d1b022aa30",
    "src/addons/QuestionThreads/XF/Admin/Controller/Forum.php": "35011034bd50dd9f729dcbea69d279bb02babfe350186d603e9dd75bcbe1173e",
    "src/addons/QuestionThreads/XF/Entity/Post.php": "fe36f12c78bda387c7c182964e12ffeca4fd344e4bb38c3c555235bc076cd6f8",
    "src/addons/QuestionThreads/XF/Entity/Thread.php": "fd1096229e41adf33fc32154a89f28a0e44c10c6b944f3c6aa08e6458285be82",
    "src/addons/QuestionThreads/XF/Pub/Controller/Forum.php": "ca46484f2f18788611a505807e27a5692f78d0dc94667262047d2d009789dae0",
    "src/addons/QuestionThreads/XF/Pub/Controller/Post.php": "da5325ba8aed32a7acf1d7e82acd015ea2f6a6ed163b914b4487129010e2c860",
    "src/addons/QuestionThreads/XF/Pub/Controller/Thread.php": "d453ed68cefcb1619aa06203dec7a2e40c92669f7848618c85dd71ff9879a928",
    "src/addons/QuestionThreads/XF/Service/Thread/Creator.php": "f4e5430baf0787768caf5b116a353d8e9e71eb2243f792a2121bdf24ef2e6d70",
    "src/addons/QuestionThreads/_data/class_extensions.xml": "f12d1597eaf6e3c577db54c2cd62e72692e28f3134b4ccd262e3a6798a22a17c",
    "src/addons/QuestionThreads/_data/code_event_listeners.xml": "3288d3257cd3d7d2d184c4e85d6ff596fa5fd47aa089715a160863b608ccb9f1",
    "src/addons/QuestionThreads/_data/permissions.xml": "e5c0c08b59ff403623513e7174d3d764376c0804be4ce38fc779f4bff84a8bd0",
    "src/addons/QuestionThreads/_data/phrases.xml": "f0fbefa906bd7e0dddcce64fc18b8162b306ac6212871c63c3b7fe69d4007186",
    "src/addons/QuestionThreads/_data/style_properties.xml": "7438330db4c8494a711f69557a96344ac7e5baf4b68d59bf693b0317c1dcb0dd",
    "src/addons/QuestionThreads/_data/style_property_groups.xml": "6f94c6ca80b8f1d09ffcf89af041367fc1ebd3a17a7aa8700e21a80064aa256b",
    "src/addons/QuestionThreads/_data/templates.xml": "df7b679934b04c7bc7a8ae1288840a2c62ce9ad3b88d329a9029abbd6196b299",
    "src/addons/QuestionThreads/_data/template_modifications.xml": "804c73c53df57ef69e0412995f17a39eedf0abd8b1f6348f1bf404f3755ded34"
}