{
    "src/addons/CMTV/QuestionThreads/addon.json": "3f0a9f80b12dd3623cef138d133eaa8166575b9b8215e1a10c13ae331f247ac3",
    "src/addons/CMTV/QuestionThreads/Constants.php": "161caa696bf7471e741bfecb211a39430b44895d1642a214f18bdbe27d2af68d",
    "src/addons/CMTV/QuestionThreads/Entity/BestAnswer.php": "39aa6d4cb324aafa580887f875c43b305279542996611edb47784b6136b6e7e8",
    "src/addons/CMTV/QuestionThreads/EventListener.php": "4dce7cc0eaf0355a39b2d20063ae84a99dcdb291c7b69ce8f08103ea0e3a62fd",
    "src/addons/CMTV/QuestionThreads/Job/AlertWatchers.php": "0f8929abad9a2b06458b8000ce06126837aae49e6f7e3fda7fe148f59a4023c9",
    "src/addons/CMTV/QuestionThreads/Job/BestAnswerCount.php": "0492cd16161210227970e6441ade9783daf3515d91fa2a60730b28961158e228",
    "src/addons/CMTV/QuestionThreads/Job/ConvertForumThreads.php": "c89ba9e267f6a8cee97f595231a0fe8f681860761617bd0752b442e7e6452880",
    "src/addons/CMTV/QuestionThreads/Job/RemapBestAnswers.php": "1bb112ae5093f97d0a5561604fc411816dd525a9b36c88105fc49bf1c99749c9",
    "src/addons/CMTV/QuestionThreads/MemberStat/BestAnswer.php": "7c2e3e134eb1822a79ca17b59f7542c7b259b65b71af1eff9301cafd1c3acfe6",
    "src/addons/CMTV/QuestionThreads/Pub/Controller/MemberBestAnswers.php": "74e413c923b0d130bc122433204d11919be8fcecb343edbf771ab1e71a04a53c",
    "src/addons/CMTV/QuestionThreads/Repository/BestAnswer.php": "7e841395a4cfe8bc8d404854a7746dc7a5ea735d14517f45f2b135772be99567",
    "src/addons/CMTV/QuestionThreads/Repository/Thread.php": "f447f3a8d2160ce8f0e65f2cb051e753f4163693cceb9ce4ff9115956c15fd63",
    "src/addons/CMTV/QuestionThreads/Setup.php": "7ffca667cbac33e638f92e43b44f29c8cbf013cd7a09781737a1f57f402bcb85",
    "src/addons/CMTV/QuestionThreads/XF/Admin/Controller/Forum.php": "a202ad7e301d34b347daffcca4b293aa81c75d9d05aec47db83522f99f1757f6",
    "src/addons/CMTV/QuestionThreads/XF/Entity/Forum.php": "3269ec4131310214ab0fdeeb7d9bc4090e027640f618a21b46e0b57158b8e127",
    "src/addons/CMTV/QuestionThreads/XF/Entity/Post.php": "0b8acef3d66d501e5ade987d1e493490bae5dd24e7b809e77c5e89ec6fb63b5f",
    "src/addons/CMTV/QuestionThreads/XF/Entity/Thread.php": "f4bbf9870ce3f6e3b3b0c33249129c592f9e6f1f44ee882b5f31864a57d72a6f",
    "src/addons/CMTV/QuestionThreads/XF/Entity/User.php": "436ba030699632642b6a01fdf6cb3d02dd7cd20cfd23ed4d022b16db46c27a99",
    "src/addons/CMTV/QuestionThreads/XF/Pub/Controller/Forum.php": "6cb4196221911772ed8462c4c8f0a7cabd9768daf6a57e5741f2e65ba8b2fae5",
    "src/addons/CMTV/QuestionThreads/XF/Pub/Controller/Post.php": "77a74779e4c46f0f0d223243d8cbc9b78539aa90ff903c5d5146eaaffb414f50",
    "src/addons/CMTV/QuestionThreads/XF/Pub/Controller/Thread.php": "9a670dd9f93ab848949b344e718d87f2d746f0c3f16f1891c24e62910fce5c4d",
    "src/addons/CMTV/QuestionThreads/XF/Service/Post/Mover.php": "dcc21940f614e1c40874d9e93d356111b8744fcbd960905a5a7b68d9c8311d3d",
    "src/addons/CMTV/QuestionThreads/_data/admin_navigation.xml": "064ec797484ac00d5ee37367b50b06846d11f480d00550997712707f8fdac8c0",
    "src/addons/CMTV/QuestionThreads/_data/admin_permission.xml": "ec6fb97cebf0bceb24f1ed1d5778c1db54eeb7535fbb3e31d824840e7aa9ff87",
    "src/addons/CMTV/QuestionThreads/_data/advertising_positions.xml": "d2f7cbe844bb1df3cf878d22ff6306249245c8ff6b0b87b9b729744bec538261",
    "src/addons/CMTV/QuestionThreads/_data/api_scopes.xml": "6793eaf758f140e8137187ba20e65f4faccf53410433ae3ad7a8b3b38cb6b3b7",
    "src/addons/CMTV/QuestionThreads/_data/bb_codes.xml": "faa4ddd5f4a365e5ac39aebdcbe2d25aedf74e7eb9ea4a812766e2fd5e13bdb1",
    "src/addons/CMTV/QuestionThreads/_data/bb_code_media_sites.xml": "29762987990187b33e43cfb68c08dc917b2d3f0176613d78f8e6c453f82da3f3",
    "src/addons/CMTV/QuestionThreads/_data/class_extensions.xml": "293fe68a58226a4d947a51abcadde6326151b96cd6ea812f8c41d5abf0124be0",
    "src/addons/CMTV/QuestionThreads/_data/code_events.xml": "8370dec3df47f91df4cf79da253446ad11b29f4ea568fe76c774e97a0379f0eb",
    "src/addons/CMTV/QuestionThreads/_data/code_event_listeners.xml": "10195f56847c335959b847eb168ef7303e0960de767254d04433326a49a748f5",
    "src/addons/CMTV/QuestionThreads/_data/content_type_fields.xml": "c7ad5472b28f465b7ac7617627707eba1b7a39d28089460d52e1ed292fc0b06a",
    "src/addons/CMTV/QuestionThreads/_data/cron.xml": "323c4284742ef24329cd6db6f288eb9736d2353f36852e1db12591e1583aea26",
    "src/addons/CMTV/QuestionThreads/_data/help_pages.xml": "a8a0c0b06cdc550438bc8a8d385af3e1e5ab3459877dfb934c1c31be59c89163",
    "src/addons/CMTV/QuestionThreads/_data/member_stats.xml": "64fc0085a8d65d7d3889c13e41f3caa94108052056fca4290ed2711f5452347c",
    "src/addons/CMTV/QuestionThreads/_data/navigation.xml": "f75e1c03a45a360bbdfcd0567121665082315068475d5b0feb8b1acbb1688651",
    "src/addons/CMTV/QuestionThreads/_data/options.xml": "1cea29aa5671733d85c8fc6f7c66128eacbca5643cbb38585eb82002879b51a4",
    "src/addons/CMTV/QuestionThreads/_data/option_groups.xml": "154d7a89664b243d0bd8227c22e241f934bf7e196c83230ee23d3c0c4fba1333",
    "src/addons/CMTV/QuestionThreads/_data/permissions.xml": "c0d5f8677d6733f828a14c3e363cd817dae00277303d751f26563749a334b82e",
    "src/addons/CMTV/QuestionThreads/_data/permission_interface_groups.xml": "f1e861145433ada91dcc3d66c93cbafd1dcf1ccf205aca7f861b126140aef9fd",
    "src/addons/CMTV/QuestionThreads/_data/phrases.xml": "3e78879533ac73bfe8bbb8355641a8457ba24430e218c5e671d7885c51184014",
    "src/addons/CMTV/QuestionThreads/_data/routes.xml": "79f75cda516069eda8249fac8c515f3227ef25ab2f7518e01a8e27af503f850e",
    "src/addons/CMTV/QuestionThreads/_data/style_properties.xml": "21c29db17c7c20ff1cc2400f182e5582ae36fd90cb6e558e4ec0d6e8e91c5f32",
    "src/addons/CMTV/QuestionThreads/_data/style_property_groups.xml": "594528bad4905743cf9f6b244a9ef35d555b14e2f0e183f3657afde6a6d99523",
    "src/addons/CMTV/QuestionThreads/_data/templates.xml": "adc9e289b83628d11b4ce0fb65f55c9e383b5e6274e6987694bec5a31e18dba4",
    "src/addons/CMTV/QuestionThreads/_data/template_modifications.xml": "84955dfc43da65076bed9c6a7d424e9ed5c34ecd9eee530ec0c567e28735043f",
    "src/addons/CMTV/QuestionThreads/_data/widget_definitions.xml": "37e46965256430f24004c2e7f08ba08f9b0d1cbcc4d70e84b3f4e3ffb713e64b",
    "src/addons/CMTV/QuestionThreads/_data/widget_positions.xml": "a29cee66134f6bc5d75ed9df1eef21096c24401915c5b5c774389c3d7bb2d5b3"
}