<?xml version="1.0" encoding="utf-8"?>
<permissions>
  <permission permission_group_id="CMTV_QT" permission_id="editAnyThreadType" permission_type="flag" interface_group_id="CMTV_QT_moderatorPermissions" display_order="10"/>
  <permission permission_group_id="CMTV_QT" permission_id="markAnyQuestionSolved" permission_type="flag" interface_group_id="CMTV_QT_moderatorPermissions" display_order="20"/>
  <permission permission_group_id="CMTV_QT" permission_id="markAnyQuestionUnsolved" permission_type="flag" interface_group_id="CMTV_QT_moderatorPermissions" display_order="30"/>
  <permission permission_group_id="CMTV_QT" permission_id="markOwnQuestionSolved" permission_type="flag" interface_group_id="CMTV_QT" display_order="10"/>
  <permission permission_group_id="CMTV_QT" permission_id="markOwnQuestionUnsolved" permission_type="flag" interface_group_id="CMTV_QT" display_order="20"/>
  <permission permission_group_id="CMTV_QT" permission_id="selectBestAnswerAny" permission_type="flag" interface_group_id="CMTV_QT_moderatorPermissions" display_order="40"/>
  <permission permission_group_id="CMTV_QT" permission_id="selectBestAnswerOwn" permission_type="flag" depend_permission_id="markOwnQuestionSolved" interface_group_id="CMTV_QT" display_order="30"/>
  <permission permission_group_id="CMTV_QT" permission_id="selectBestAnswerOwnPost" permission_type="flag" depend_permission_id="selectBestAnswerOwn" interface_group_id="CMTV_QT" display_order="40"/>
  <permission permission_group_id="CMTV_QT" permission_id="unselectBestAnswerAny" permission_type="flag" interface_group_id="CMTV_QT_moderatorPermissions" display_order="50"/>
  <permission permission_group_id="CMTV_QT" permission_id="unselectBestAnswerOwn" permission_type="flag" interface_group_id="CMTV_QT" display_order="50"/>
</permissions>
