<?xml version="1.0" encoding="utf-8"?>
<phrases>
  <phrase title="CMTV_QT_ask_question" version_id="2010070" version_string="2.1.0"><![CDATA[Ask question]]></phrase>
  <phrase title="CMTV_QT_best_answer" version_id="2010070" version_string="2.1.0"><![CDATA[Best answer]]></phrase>
  <phrase title="CMTV_QT_best_answers" version_id="2010070" version_string="2.1.0"><![CDATA[Best answers]]></phrase>
  <phrase title="CMTV_QT_cant_unselect_this_post_is_not_the_best_answer" version_id="2010070" version_string="2.1.0"><![CDATA[Can't unselect. This post is not the best answer.]]></phrase>
  <phrase title="CMTV_QT_convert_existing_threads" version_id="2010070" version_string="2.1.0"><![CDATA[Convert existing threads]]></phrase>
  <phrase title="CMTV_QT_convert_existing_threads_explain" version_id="2010070" version_string="2.1.0"><![CDATA[If selected:
<ul>
	<li><strong>Threads only</strong> — all existing questions in this forum will be converted to threads</li>
	<li><strong>Threads and questions</strong> — nothing will happen</li>
	<li><strong>Questions only</strong> — all existing threads in this forum will be converted to questions</li>
</ul>]]></phrase>
  <phrase title="CMTV_QT_first_question_post_cant_be_the_best_answer" version_id="2010070" version_string="2.1.0"><![CDATA[First question post can't be the best answer]]></phrase>
  <phrase title="CMTV_QT_forum_type" version_id="2010070" version_string="2.1.0"><![CDATA[Forum type]]></phrase>
  <phrase title="CMTV_QT_indicator" version_id="2010070" version_string="2.1.0"><![CDATA[Indicator]]></phrase>
  <phrase title="CMTV_QT_mark_as_solved" version_id="2010070" version_string="2.1.0"><![CDATA[Mark as "Solved"]]></phrase>
  <phrase title="CMTV_QT_mark_as_unsolved" version_id="2010070" version_string="2.1.0"><![CDATA[Mark as "Unsolved"]]></phrase>
  <phrase title="CMTV_QT_news_feed_question_insert" version_id="2010070" version_string="2.1.0"><![CDATA[{username} asked the question {threadTitle} in {forumTitle}.]]></phrase>
  <phrase title="CMTV_QT_not_best_answer" version_id="2010070" version_string="2.1.0"><![CDATA[Not best answer]]></phrase>
  <phrase title="CMTV_QT_only_questions_can_be_marked_as_solved_unsolved" version_id="2010070" version_string="2.1.0"><![CDATA[Only questions can be marked as solved/unsolved.]]></phrase>
  <phrase title="CMTV_QT_only_questions_can_have_a_best_answer" version_id="2010070" version_string="2.1.0"><![CDATA[Only questions can have a best answer]]></phrase>
  <phrase title="CMTV_QT_post_background_color" version_id="2010070" version_string="2.1.0"><![CDATA[Post background color]]></phrase>
  <phrase title="CMTV_QT_question_threads" version_id="2010070" version_string="2.1.0"><![CDATA[Question threads]]></phrase>
  <phrase title="CMTV_QT_questions" version_id="2010070" version_string="2.1.0"><![CDATA[Questions]]></phrase>
  <phrase title="CMTV_QT_questions_only" version_id="2010070" version_string="2.1.0"><![CDATA[Questions only]]></phrase>
  <phrase title="CMTV_QT_questions_to_threads" version_id="2010070" version_string="2.1.0"><![CDATA[Questions to threads]]></phrase>
  <phrase title="CMTV_QT_rebuild_best_answer_count" version_id="2010070" version_string="2.1.0"><![CDATA[Rebuild best answer count]]></phrase>
  <phrase title="CMTV_QT_shape" version_id="2010070" version_string="2.1.0"><![CDATA[Shape]]></phrase>
  <phrase title="CMTV_QT_solved" version_id="2010070" version_string="2.1.0"><![CDATA[Solved]]></phrase>
  <phrase title="CMTV_QT_this_question_already_has_the_best_answer" version_id="2010070" version_string="2.1.0"><![CDATA[This question already has the best answer]]></phrase>
  <phrase title="CMTV_QT_thread_post_deleted_not_visible" version_id="2010070" version_string="2.1.0"><![CDATA[Selected thread or post is deleted or not visible]]></phrase>
  <phrase title="CMTV_QT_threads_and_questions" version_id="2010070" version_string="2.1.0"><![CDATA[Threads and questions]]></phrase>
  <phrase title="CMTV_QT_threads_only" version_id="2010070" version_string="2.1.0"><![CDATA[Threads only]]></phrase>
  <phrase title="CMTV_QT_threads_to_questions" version_id="2010070" version_string="2.1.0"><![CDATA[Threads to questions]]></phrase>
  <phrase title="CMTV_QT_unsolved" version_id="2010070" version_string="2.1.0"><![CDATA[Unsolved]]></phrase>
  <phrase title="CMTV_QT_user_has_asked_at_least_x_questions" version_id="2010070" version_string="2.1.0"><![CDATA[User has asked at least X questions]]></phrase>
  <phrase title="CMTV_QT_user_has_asked_no_more_than_x_questions" version_id="2010070" version_string="2.1.0"><![CDATA[User has asked no more than X questions]]></phrase>
  <phrase title="CMTV_QT_user_has_posted_at_least_x_best_answers" version_id="2010070" version_string="2.1.0"><![CDATA[User has posted at least X best answers]]></phrase>
  <phrase title="CMTV_QT_user_has_posted_no_more_than_x_best_answers" version_id="2010070" version_string="2.1.0"><![CDATA[User has posted no more than X best answers]]></phrase>
  <phrase title="CMTV_QT_watched_question_best_answer_selected_email_html" version_id="2010070" version_string="2.1.0"><![CDATA[<p>{sender} selected the best answer of question you are watching at {board}.</p>]]></phrase>
  <phrase title="CMTV_QT_watched_question_solved_email_html" version_id="2010070" version_string="2.1.0"><![CDATA[<p>{sender} marked question you are watching as "Solved" at {board}.</p>]]></phrase>
  <phrase title="CMTV_QT_watched_question_x_best_answer_selected" version_id="2010070" version_string="2.1.0"><![CDATA[{title} - Best answer selected]]></phrase>
  <phrase title="CMTV_QT_watched_question_x_solved" version_id="2010070" version_string="2.1.0"><![CDATA[{title} - Marked as "Solved"]]></phrase>
  <phrase title="CMTV_QT_x_best_answers" version_id="2010070" version_string="2.1.0"><![CDATA[{name}'s best answers]]></phrase>
  <phrase title="CMTV_QT_x_do_not_have_any_best_answers_yet" version_id="2010070" version_string="2.1.0"><![CDATA[{name} doesn't have any best answers yet.]]></phrase>
  <phrase title="CMTV_QT_x_marked_question_y_as_solved" version_id="2010070" version_string="2.1.0"><![CDATA[{name} marked question {title} as solved.]]></phrase>
  <phrase title="CMTV_QT_x_marked_your_answer_as_best_answer_of_y_question" version_id="2010070" version_string="2.1.0"><![CDATA[{name} marked your answer as "Best answer" of {title} question.]]></phrase>
  <phrase title="CMTV_QT_x_selected_the_best_answer_of_y_question" version_id="2010070" version_string="2.1.0"><![CDATA[{name} selected the best answer of {title} question]]></phrase>
  <phrase title="CMTV_QT_you_do_not_have_any_best_answers_yet" version_id="2010070" version_string="2.1.0"><![CDATA[You don't have any best answers yet.]]></phrase>
  <phrase title="member_stat.CMTV_QT_most_best_answers" version_id="2010070" version_string="2.1.0"><![CDATA[Most best answers]]></phrase>
  <phrase title="news_feed_post_best_answer" version_id="2010070" version_string="2.1.0"><![CDATA[{username} selected the best answer of thread {threadTitle}.]]></phrase>
  <phrase title="news_feed_thread_marked_solved" version_id="2010070" version_string="2.1.0"><![CDATA[{username} marked the question {threadTitle} as "Solved".]]></phrase>
  <phrase title="permission.CMTV_QT_editAnyThreadType" version_id="2010070" version_string="2.1.0"><![CDATA[Edit any thread type]]></phrase>
  <phrase title="permission.CMTV_QT_markAnyQuestionSolved" version_id="2010070" version_string="2.1.0"><![CDATA[Mark any question as "Solved"]]></phrase>
  <phrase title="permission.CMTV_QT_markAnyQuestionUnsolved" version_id="2010070" version_string="2.1.0"><![CDATA[Mark any question as "Unsolved"]]></phrase>
  <phrase title="permission.CMTV_QT_markOwnQuestionSolved" version_id="2010070" version_string="2.1.0"><![CDATA[Mark own question as "Solved"]]></phrase>
  <phrase title="permission.CMTV_QT_markOwnQuestionUnsolved" version_id="2010070" version_string="2.1.0"><![CDATA[Mark own question as "Unsovled"]]></phrase>
  <phrase title="permission.CMTV_QT_selectBestAnswerAny" version_id="2010070" version_string="2.1.0"><![CDATA[Select best answer for any question]]></phrase>
  <phrase title="permission.CMTV_QT_selectBestAnswerOwn" version_id="2010070" version_string="2.1.0"><![CDATA[Select best answer for own question]]></phrase>
  <phrase title="permission.CMTV_QT_selectBestAnswerOwnPost" version_id="2010070" version_string="2.1.0"><![CDATA[Mark own post in question as best answer]]></phrase>
  <phrase title="permission.CMTV_QT_unselectBestAnswerAny" version_id="2010070" version_string="2.1.0"><![CDATA[Unselect best answer for any question]]></phrase>
  <phrase title="permission.CMTV_QT_unselectBestAnswerOwn" version_id="2010070" version_string="2.1.0"><![CDATA[Unselect best answer for own question]]></phrase>
  <phrase title="permission_interface.CMTV_QT" version_id="2010070" version_string="2.1.0"><![CDATA[Question Threads]]></phrase>
  <phrase title="permission_interface.CMTV_QT_moderatorPermissions" version_id="2010070" version_string="2.1.0"><![CDATA[Question Threads moderator permissions]]></phrase>
  <phrase title="style_prop.CMTV_QT_best_answer_bg_color" version_id="2010070" version_string="2.1.0"><![CDATA[Best answer background color]]></phrase>
  <phrase title="style_prop.CMTV_QT_best_answer_button_extra_styling" version_id="2010070" version_string="2.1.0"><![CDATA[Best answer button [Extra]]]></phrase>
  <phrase title="style_prop.CMTV_QT_best_answer_color_user_details" version_id="2010070" version_string="2.1.0"><![CDATA[Change background color of user details post block]]></phrase>
  <phrase title="style_prop.CMTV_QT_best_answer_count_message_user_info" version_id="2010070" version_string="2.1.0"><![CDATA[Show best answer count in message user info block]]></phrase>
  <phrase title="style_prop.CMTV_QT_best_answer_count_user_stats" version_id="2010070" version_string="2.1.0"><![CDATA[Show best answer count in user profile stats]]></phrase>
  <phrase title="style_prop.CMTV_QT_best_answer_indicator_styling" version_id="2010070" version_string="2.1.0"><![CDATA[Best answer indicator]]></phrase>
  <phrase title="style_prop.CMTV_QT_best_answer_mark_extra_styling" version_id="2010070" version_string="2.1.0"><![CDATA[Best answer mark [Extra]]]></phrase>
  <phrase title="style_prop.CMTV_QT_best_answer_mark_shape_styling" version_id="2010070" version_string="2.1.0"><![CDATA[Best answer mark [Shape]]]></phrase>
  <phrase title="style_prop.CMTV_QT_best_answer_mark_type" version_id="2010070" version_string="2.1.0"><![CDATA[Best answer mark type]]></phrase>
  <phrase title="style_prop.CMTV_QT_best_answer_post_styling" version_id="2010070" version_string="2.1.0"><![CDATA[Best answer post styling]]></phrase>
  <phrase title="style_prop.CMTV_QT_best_answer_type" version_id="2010070" version_string="2.1.0"><![CDATA[Best answer styling type]]></phrase>
  <phrase title="style_prop.CMTV_QT_best_answer_user_bg_color" version_id="2010070" version_string="2.1.0"><![CDATA[Best answer user details background color]]></phrase>
  <phrase title="style_prop.CMTV_QT_question_mark_extra_styling" version_id="2010070" version_string="2.1.0"><![CDATA[Question mark [Extra]]]></phrase>
  <phrase title="style_prop.CMTV_QT_question_mark_shape_styling" version_id="2010070" version_string="2.1.0"><![CDATA[Question mark [Shape]]]></phrase>
  <phrase title="style_prop.CMTV_QT_question_mark_solved_color" version_id="2010070" version_string="2.1.0"><![CDATA[Question mark solved color]]></phrase>
  <phrase title="style_prop.CMTV_QT_question_mark_solved_icon" version_id="2010070" version_string="2.1.0"><![CDATA[Question mark solved FA icon]]></phrase>
  <phrase title="style_prop.CMTV_QT_question_mark_solved_img" version_id="2010070" version_string="2.1.0"><![CDATA[Question mark solved image]]></phrase>
  <phrase title="style_prop.CMTV_QT_question_mark_type" version_id="2010070" version_string="2.1.0"><![CDATA[Question mark type]]></phrase>
  <phrase title="style_prop.CMTV_QT_question_mark_unsolved_color" version_id="2010070" version_string="2.1.0"><![CDATA[Question mark unsolved color]]></phrase>
  <phrase title="style_prop.CMTV_QT_question_mark_unsolved_icon" version_id="2010070" version_string="2.1.0"><![CDATA[Question mark unsolved FA icon]]></phrase>
  <phrase title="style_prop.CMTV_QT_question_mark_unsolved_img" version_id="2010070" version_string="2.1.0"><![CDATA[Question mark unsolved image]]></phrase>
  <phrase title="style_prop.CMTV_QT_questions_only_icon" version_id="2010070" version_string="2.1.0"><![CDATA[Custom node icon for "Questions only" forums]]></phrase>
  <phrase title="style_prop.CMTV_QT_select_best_answer_mark_icon" version_id="2010070" version_string="2.1.0"><![CDATA[Select best answer mark FA icon]]></phrase>
  <phrase title="style_prop.CMTV_QT_select_best_answer_mark_img" version_id="2010070" version_string="2.1.0"><![CDATA[Select best answer mark image]]></phrase>
  <phrase title="style_prop.CMTV_QT_solve_button_color" version_id="2010070" version_string="2.1.0"><![CDATA[Solve button color]]></phrase>
  <phrase title="style_prop.CMTV_QT_unselect_best_answer_mark_icon" version_id="2010070" version_string="2.1.0"><![CDATA[Unselect best answer mark FA icon]]></phrase>
  <phrase title="style_prop.CMTV_QT_unselect_best_answer_mark_img" version_id="2010070" version_string="2.1.0"><![CDATA[Unselect best answer mark image]]></phrase>
  <phrase title="style_prop.CMTV_QT_unsolve_button_color" version_id="2010070" version_string="2.1.0"><![CDATA[Unsolve button color]]></phrase>
  <phrase title="style_prop_desc.CMTV_QT_best_answer_bg_color" version_id="2010070" version_string="2.1.0"><![CDATA[]]></phrase>
  <phrase title="style_prop_desc.CMTV_QT_best_answer_button_extra_styling" version_id="2010070" version_string="2.1.0"><![CDATA[Extra styling for whole best answer button]]></phrase>
  <phrase title="style_prop_desc.CMTV_QT_best_answer_color_user_details" version_id="2010070" version_string="2.1.0"><![CDATA[]]></phrase>
  <phrase title="style_prop_desc.CMTV_QT_best_answer_count_message_user_info" version_id="2010070" version_string="2.1.0"><![CDATA[]]></phrase>
  <phrase title="style_prop_desc.CMTV_QT_best_answer_count_user_stats" version_id="2010070" version_string="2.1.0"><![CDATA[]]></phrase>
  <phrase title="style_prop_desc.CMTV_QT_best_answer_indicator_styling" version_id="2010070" version_string="2.1.0"><![CDATA[]]></phrase>
  <phrase title="style_prop_desc.CMTV_QT_best_answer_mark_extra_styling" version_id="2010070" version_string="2.1.0"><![CDATA[Extra styling for question mark of any type]]></phrase>
  <phrase title="style_prop_desc.CMTV_QT_best_answer_mark_shape_styling" version_id="2010070" version_string="2.1.0"><![CDATA[The styling of best answer mark which type is set to "Shape"]]></phrase>
  <phrase title="style_prop_desc.CMTV_QT_best_answer_mark_type" version_id="2010070" version_string="2.1.0"><![CDATA[]]></phrase>
  <phrase title="style_prop_desc.CMTV_QT_best_answer_post_styling" version_id="2010070" version_string="2.1.0"><![CDATA[]]></phrase>
  <phrase title="style_prop_desc.CMTV_QT_best_answer_type" version_id="2010070" version_string="2.1.0"><![CDATA[]]></phrase>
  <phrase title="style_prop_desc.CMTV_QT_best_answer_user_bg_color" version_id="2010070" version_string="2.1.0"><![CDATA[]]></phrase>
  <phrase title="style_prop_desc.CMTV_QT_question_mark_extra_styling" version_id="2010070" version_string="2.1.0"><![CDATA[Extra styling for question mark of any type]]></phrase>
  <phrase title="style_prop_desc.CMTV_QT_question_mark_shape_styling" version_id="2010070" version_string="2.1.0"><![CDATA[Customize the look and feel of custom question mark]]></phrase>
  <phrase title="style_prop_desc.CMTV_QT_question_mark_solved_color" version_id="2010070" version_string="2.1.0"><![CDATA[]]></phrase>
  <phrase title="style_prop_desc.CMTV_QT_question_mark_solved_icon" version_id="2010070" version_string="2.1.0"><![CDATA[Full Font Awesome icon code. Example: <code>far fa-question-circle</code>. Only works when the type of question mark is "Icon".]]></phrase>
  <phrase title="style_prop_desc.CMTV_QT_question_mark_solved_img" version_id="2010070" version_string="2.1.0"><![CDATA[The path to the solved question mark image. Only works when the type of question mark is "Image".]]></phrase>
  <phrase title="style_prop_desc.CMTV_QT_question_mark_type" version_id="2010070" version_string="2.1.0"><![CDATA[]]></phrase>
  <phrase title="style_prop_desc.CMTV_QT_question_mark_unsolved_color" version_id="2010070" version_string="2.1.0"><![CDATA[]]></phrase>
  <phrase title="style_prop_desc.CMTV_QT_question_mark_unsolved_icon" version_id="2010070" version_string="2.1.0"><![CDATA[Full Font Awesome icon code. Example: <code>far fa-question-circle</code>. Only works when the type of question mark is "Icon".]]></phrase>
  <phrase title="style_prop_desc.CMTV_QT_question_mark_unsolved_img" version_id="2010070" version_string="2.1.0"><![CDATA[The path to the unsolved question mark image. Only works when the type of question mark is "Image".]]></phrase>
  <phrase title="style_prop_desc.CMTV_QT_questions_only_icon" version_id="2010070" version_string="2.1.0"><![CDATA[]]></phrase>
  <phrase title="style_prop_desc.CMTV_QT_select_best_answer_mark_icon" version_id="2010070" version_string="2.1.0"><![CDATA[Font Awesome icon code. Example: <code>far fa-question-circle</code> or just <code>fa-plus</code> (<code>far</code> will be added automatically then). Only works when the type of best answer mark is "Icon".]]></phrase>
  <phrase title="style_prop_desc.CMTV_QT_select_best_answer_mark_img" version_id="2010070" version_string="2.1.0"><![CDATA[The path to the best mark image. Only works when the type of best mark is "Image".]]></phrase>
  <phrase title="style_prop_desc.CMTV_QT_solve_button_color" version_id="2010070" version_string="2.1.0"><![CDATA[]]></phrase>
  <phrase title="style_prop_desc.CMTV_QT_unselect_best_answer_mark_icon" version_id="2010070" version_string="2.1.0"><![CDATA[Font Awesome icon code. Example: <code>far fa-question-circle</code> or just <code>fa-plus</code> (<code>far</code> will be added automatically then). Only works when the type of best answer mark is "Icon".]]></phrase>
  <phrase title="style_prop_desc.CMTV_QT_unselect_best_answer_mark_img" version_id="2010070" version_string="2.1.0"><![CDATA[The path to the best mark image. Only works when the type of best mark is "Image".]]></phrase>
  <phrase title="style_prop_desc.CMTV_QT_unsolve_button_color" version_id="2010070" version_string="2.1.0"><![CDATA[]]></phrase>
  <phrase title="style_prop_group.CMTV_QT" version_id="2010070" version_string="2.1.0"><![CDATA[Question Threads]]></phrase>
  <phrase title="style_prop_group_desc.CMTV_QT" version_id="2010070" version_string="2.1.0"><![CDATA[Style settings of Question Threads addon.]]></phrase>
</phrases>
