<?xml version="1.0" encoding="utf-8"?>
<template_modifications>
  <modification type="admin" template="forum_edit" modification_key="CMTV_QT_forum_edit_forum_type" description="Adding forum type selector" execution_order="10" enabled="1" action="str_replace">
    <find><![CDATA[<xf:macro template="node_edit_macros" name="description" arg-node="{$node}" />]]></find>
    <replace><![CDATA[$0

<xf:include template="CMTV_QT_forum_type" />]]></replace>
  </modification>
  <modification type="public" template="forum_post_quick_thread" modification_key="CMTV_QT_forum_post_quick_thread" description="Replacing &quot;Post thread&quot; with &quot;Ask question&quot; if needed" execution_order="10" enabled="1" action="str_replace">
    <find><![CDATA[{{ phrase('post_thread') }}]]></find>
    <replace><![CDATA[{{ ($forum.CMTV_QT_type == 'questions_only') ? phrase('CMTV_QT_ask_question') : phrase('post_thread') }}]]></replace>
  </modification>
  <modification type="public" template="forum_post_thread" modification_key="CMTV_QT_forum_post_thread" description="Thread type" execution_order="10" enabled="1" action="str_replace">
    <find><![CDATA[<xf:if is="$forum.canCreatePoll()">]]></find>
    <replace><![CDATA[<xf:include template="CMTV_QT_thread_type" />

$0]]></replace>
  </modification>
  <modification type="public" template="forum_post_thread" modification_key="CMTV_QT_forum_post_thread_labels" description="Replacing &quot;Post thread&quot; with &quot;Ask question&quot; if needed" execution_order="10" enabled="1" action="str_replace">
    <find><![CDATA[{{ phrase('post_thread') }}]]></find>
    <replace><![CDATA[{{ ($forum.CMTV_QT_type == 'questions_only') ? phrase('CMTV_QT_ask_question') : phrase('post_thread') }}]]></replace>
  </modification>
  <modification type="public" template="forum_view" modification_key="CMTV_QT_forum_view_post_thread_label" description="Changing &quot;Post thread&quot; button text to &quot;Ask question&quot;" execution_order="10" enabled="1" action="str_replace">
    <find><![CDATA[{{ phrase('post_thread') }}]]></find>
    <replace><![CDATA[<xf:if is="$forum.CMTV_QT_type == 'questions_only'">
	{{ phrase('CMTV_QT_ask_question') }}
<xf:else />
	$0
</xf:if>]]></replace>
  </modification>
  <modification type="admin" template="helper_criteria" modification_key="CMTV_QT_helper_criteria" description="Adding addon criteria" execution_order="10" enabled="1" action="str_replace">
    <find><![CDATA[<!--[XF:user:after_content]-->]]></find>
    <replace><![CDATA[$0

<xf:include template="CMTV_QT_criteria" />]]></replace>
  </modification>
  <modification type="public" template="helper_js_global" modification_key="CMTV_QT_helper_js_global_questions_only_forums" description="Custom node icon for &quot;Questions only&quot; forums" execution_order="10" enabled="1" action="str_replace">
    <find><![CDATA[<!--XF:CSS-->]]></find>
    <replace><![CDATA[$0

<xf:css src="CMTV_QT_questions_only_forums.less" />]]></replace>
  </modification>
  <modification type="public" template="member_macros" modification_key="CMTV_QT_member_macros_best_answers" description="Showing best answer count in member stats block" execution_order="10" enabled="1" action="str_replace">
    <find><![CDATA[<!--[XF:stat_pairs:above_likes]-->]]></find>
    <replace><![CDATA[<xf:include template="CMTV_QT_best_answers_stat_pair" />

$0]]></replace>
  </modification>
  <modification type="public" template="message_macros" modification_key="CMTV_QT_message_macros_best_answer_count" description="Showing best answer count in user info block in messages" execution_order="10" enabled="1" action="str_replace">
    <find><![CDATA[					<xf:if is="$extras.message_count">
						<dl class="pairs pairs--justified">
							<dt>{{ phrase('messages') }}</dt>
							<dd>{$user.message_count|number}</dd>
						</dl>
					</xf:if>]]></find>
    <replace><![CDATA[$0

<xf:if is="property('CMTV_QT_best_answer_count_message_user_info')">
	<dl class="pairs pairs--justified">
		<dt>{{ phrase('CMTV_QT_best_answers') }}</dt>
		<dd>{$user.CMTV_QT_best_answer_count|number}</dd>
	</dl>
</xf:if>]]></replace>
  </modification>
  <modification type="public" template="news_feed_item_thread_insert" modification_key="CMTV_QT_news_feed_item_thread_insert" description="Changing default insert thread message when the type is question" execution_order="10" enabled="1" action="str_replace">
    <find><![CDATA[	{{ phrase('news_feed_thread_insert', {
		'username': username_link($user, false, {'defaultname': $newsFeed.username}),
		'threadTitle': '<a href="' . link('threads', $content) . '">' . prefix('thread', $content) . $content.title . '</a>',
		'forumTitle': '<a href="' . link('forums', $content.Forum) . '">' . $content.Forum.title . '</a>'
	}) }}]]></find>
    <replace><![CDATA[<xf:if is="$content.CMTV_QT_is_question">
	{{ phrase('CMTV_QT_news_feed_question_insert', {
		'username': username_link($user, false, {'defaultname': $newsFeed.username}),
		'threadTitle': '<a href="' . link('threads', $content) . '">' . prefix('thread', $content) . $content.title . '</a>',
		'forumTitle': '<a href="' . link('forums', $content.Forum) . '">' . $content.Forum.title . '</a>'
	}) }}
<xf:else />
	$0
</xf:if>]]></replace>
  </modification>
  <modification type="admin" template="node_list" modification_key="CMTV_QT_node_list_forum_type" description="Adding forum type to a list of nodes" execution_order="10" enabled="1" action="str_replace">
    <find><![CDATA[<span class="dataList-hint" dir="auto">{$node.NodeType.title}</span>]]></find>
    <replace><![CDATA[<xf:if is="$node.NodeType.node_type_id == 'Forum'">
	<xf:set var="$forum" value="{{ $node->getData() }}" />
	
	<xf:if is="$forum.CMTV_QT_type !== 'threads_only'">
		<span class="dataList-hint" dir="auto">
			{$node.NodeType.title} | {{$forum->getTypePhrase()}}
		</span>
	<xf:else />
		$0
	</xf:if>
<xf:else />
	$0
</xf:if>]]></replace>
  </modification>
  <modification type="public" template="node_list_forum" modification_key="CMTV_QT_node_list_forum_icon" description="Custom node icon for &quot;Questions only&quot; forums" execution_order="10" enabled="1" action="str_replace">
    <find><![CDATA[node--forum]]></find>
    <replace><![CDATA[$0 {{ ($node.Data.CMTV_QT_type == 'questions_only' && property('CMTV_QT_questions_only_icon')) ? 'node--questionsOnly ' : '' }}]]></replace>
  </modification>
  <modification type="public" template="node_list_forum" modification_key="CMTV_QT_node_list_forum_stats_label" description="Changing &quot;Threads&quot; label to &quot;Questions&quot;" execution_order="10" enabled="1" action="str_replace">
    <find><![CDATA[<dt>{{ phrase('threads') }}</dt>]]></find>
    <replace><![CDATA[<xf:if is="$node.Data.CMTV_QT_type == 'questions_only'">
	<dt>{{ phrase('CMTV_QT_questions') }}</dt>
<xf:else />
	$0
</xf:if>]]></replace>
  </modification>
  <modification type="admin" template="permission_node_overview" modification_key="CMTV_QT_permission_node_overview" description="Adding forum type to a list of nodes" execution_order="10" enabled="1" action="str_replace">
    <find><![CDATA[<span class="dataList-hint" dir="auto">{$node.NodeType.title}</span>]]></find>
    <replace><![CDATA[<xf:if is="$node.NodeType.node_type_id == 'Forum'">
	<xf:set var="$forum" value="{{ $node->getData() }}" />
	
	<xf:if is="$forum.CMTV_QT_type !== 'threads_only'">
		<span class="dataList-hint" dir="auto">
			{$node.NodeType.title} | {{$forum->getTypePhrase()}}
		</span>
	</xf:if>
<xf:else />
	$0
</xf:if>]]></replace>
  </modification>
  <modification type="public" template="post_macros" modification_key="CMTV_QT_post_macros" description="Adding best answer indicator" execution_order="10" enabled="1" action="str_replace">
    <find><![CDATA[<ul class="message-attribution-opposite message-attribution-opposite--list">]]></find>
    <replace><![CDATA[$0

<xf:include template="CMTV_QT_best_answer_indicator" />]]></replace>
  </modification>
  <modification type="public" template="post_macros" modification_key="CMTV_QT_post_macros_best_answer" description="Styling the best answer post" execution_order="10" enabled="1" action="str_replace">
    <find><![CDATA[<article class="message ]]></find>
    <replace><![CDATA[$0 {{ $post.canDisplayUnselectBestAnswer() ? 'CMTV_QT bestAnswer bestAnswer--' . property('CMTV_QT_best_answer_type') . (property('CMTV_QT_best_answer_color_user_details') ? ' bestAnswer--colorUser ' : ' ') : '' }}]]></replace>
  </modification>
  <modification type="public" template="post_macros" modification_key="CMTV_QT_post_macros_best_answer_button" description="Adding best answer button" execution_order="10" enabled="1" action="str_replace">
    <find><![CDATA[<xf:react content="{$post}" link="posts/react" list="< .js-post | .js-reactionsList" />]]></find>
    <replace><![CDATA[<xf:include template="CMTV_QT_best_answer_button" />

$0]]></replace>
  </modification>
  <modification type="public" template="search_result_post" modification_key="CMTV_QT_search_result_post_mark" description="Adding best answer mark if needed" execution_order="10" enabled="1" action="str_replace">
    <find><![CDATA[<h3 class="contentRow-title">]]></find>
    <replace><![CDATA[$0

<xf:if is="$post.isBestAnswer()">
	<xf:macro name="mark_link" template="CMTV_QT_best_answer_mark_macros"
			  arg-link="{{ link('posts', $post) }}"
			  arg-context="search_result" arg-state="select" />
</xf:if>]]></replace>
  </modification>
  <modification type="public" template="search_result_thread" modification_key="CMTV_QT_search_result_thread_marks" description="Adding question and best answer marks if needed" execution_order="10" enabled="1" action="str_replace">
    <find><![CDATA[<h3 class="contentRow-title">]]></find>
    <replace><![CDATA[$0

<xf:macro name="thread_marks" template="CMTV_QT_thread_marks_macros"
		  arg-context="thread_list" arg-thread="{$thread}" />]]></replace>
  </modification>
  <modification type="public" template="search_result_thread" modification_key="CMTV_QT_search_result_thread_type" description="Replacing &quot;Thread&quot; search result type with &quot;Question&quot; text when needed" execution_order="10" enabled="1" action="str_replace">
    <find><![CDATA[<li>{{ phrase('thread') }}</li>]]></find>
    <replace><![CDATA[<xf:if is="$thread.CMTV_QT_is_question">
	<li>{{ phrase('question') }}</li>
<xf:else />
	$0
</xf:if>]]></replace>
  </modification>
  <modification type="public" template="thread_edit" modification_key="CMTV_QT_thread_edit_" description="Thread type" execution_order="10" enabled="1" action="str_replace">
    <find><![CDATA[<xf:macro template="helper_thread_options" name="thread_status" arg-thread="{$thread}" />]]></find>
    <replace><![CDATA[<xf:include template="CMTV_QT_thread_type" />

$0]]></replace>
  </modification>
  <modification type="public" template="thread_list_macros" modification_key="CMTV_QT_thread_list_macros_question_mark" description="Adding thread marks before thread title" execution_order="10" enabled="1" action="str_replace">
    <find><![CDATA[<div class="structItem-title">]]></find>
    <replace><![CDATA[$0

<xf:macro name="thread_marks" template="CMTV_QT_thread_marks_macros"
		  arg-context="thread_list" arg-thread="{$thread}" />]]></replace>
  </modification>
  <modification type="public" template="thread_view" modification_key="CMTV_QT_thread_view_question_mark" description="Adding thread marks before thread title" execution_order="10" enabled="1" action="str_replace">
    <find><![CDATA[<xf:h1>]]></find>
    <replace><![CDATA[$0

<xf:macro name="thread_marks" template="CMTV_QT_thread_marks_macros"
		  arg-context="thread_title" arg-thread="{$thread}" />]]></replace>
  </modification>
  <modification type="public" template="thread_view" modification_key="CMTV_QT_thread_view_solve_unsolve_buttons" description="Adding &quot;Mark as Solved/Unsolved&quot; page action buttons" execution_order="10" enabled="1" action="preg_replace">
    <find><![CDATA[/^/]]></find>
    <replace><![CDATA[<xf:include template="CMTV_QT_solve_unsolve_buttons" />]]></replace>
  </modification>
  <modification type="public" template="thread_view" modification_key="CMTV_QT_thread_view_styles" description="Adding styles to solve/unsolve buttons, best answer button and etc" execution_order="10" enabled="1" action="preg_replace">
    <find><![CDATA[/^/]]></find>
    <replace><![CDATA[<xf:css src="CMTV_QT_thread_view.less" />]]></replace>
  </modification>
  <modification type="admin" template="tools_rebuild" modification_key="CMTV_QT_tools_rebuild_best_answer_count" description="&quot;Rebuil best answer count&quot; job" execution_order="10" enabled="1" action="str_replace">
    <find><![CDATA[<!--[XF:after_users]-->]]></find>
    <replace><![CDATA[$0

<xf:macro name="rebuild_job"
		  arg-header="{{ phrase('CMTV_QT_rebuild_best_answer_count') }}"
		  arg-job="CMTV\QuestionThreads:BestAnswerCount" />]]></replace>
  </modification>
</template_modifications>
