<?xml version="1.0" encoding="utf-8"?>
<templates>
  <template type="admin" title="CMTV_QT_criteria" version_id="2010070" version_string="2.1.0"><![CDATA[<xf:checkboxrow label="{{ phrase('CMTV_QT_question_threads') }}">
	
	<xf:option name="user_criteria[CMTV_QT_questions_asked][rule]" value="CMTV_QT_questions_asked" selected="{$criteria.CMTV_QT_questions_asked}"
			   label="{{ phrase('CMTV_QT_user_has_asked_at_least_x_questions:') }}">
		<xf:numberbox name="user_criteria[CMTV_QT_questions_asked][data][questions]" value="{$criteria.CMTV_QT_questions_asked.questions}"
					  size="5" min="0" step="1" />
	</xf:option>

	<xf:option name="user_criteria[CMTV_QT_questions_maximum][rule]" value="CMTV_QT_questions_maximum" selected="{$criteria.CMTV_QT_questions_maximum}"
			   label="{{ phrase('CMTV_QT_user_has_asked_no_more_than_x_questions:') }}">
		<xf:numberbox name="user_criteria[CMTV_QT_questions_maximum][data][questions]" value="{$criteria.CMTV_QT_questions_maximum.questions}"
					  size="5" min="0" step="1" />
	</xf:option>
	
	<xf:option name="user_criteria[CMTV_QT_best_answers_posted][rule]" value="CMTV_QT_best_answers_posted" selected="{$criteria.CMTV_QT_best_answers_posted}"
			   label="{{ phrase('CMTV_QT_user_has_posted_at_least_x_best_answers:') }}">
		<xf:numberbox name="user_criteria[CMTV_QT_best_answers_posted][data][best_answers]" value="{$criteria.CMTV_QT_best_answers_posted.best_answers}"
					  size="5" min="0" step="1" />
	</xf:option>
	
	<xf:option name="user_criteria[CMTV_QT_best_answers_maximum][rule]" value="CMTV_QT_best_answers_maximum" selected="{$criteria.CMTV_QT_best_answers_maximum}"
			   label="{{ phrase('CMTV_QT_user_has_posted_no_more_than_x_best_answers:') }}">
		<xf:numberbox name="user_criteria[CMTV_QT_best_answers_maximum][data][best_answers]" value="{$criteria.CMTV_QT_best_answers_maximum.best_answers}"
					  size="5" min="0" step="1" />
	</xf:option>
	
</xf:checkboxrow>

<hr class="formRowSep" />

<!--[CMTV\QuestionThreads:after]-->]]></template>
  <template type="admin" title="CMTV_QT_forum_type" version_id="2010070" version_string="2.1.0"><![CDATA[<xf:selectrow name="CMTV_QT_type" label="{{ phrase('CMTV_QT_forum_type') }}" value="{$forum.CMTV_QT_type}">
	<xf:option value="threads_only">{{ phrase('CMTV_QT_threads_only') }}</xf:option>
	<xf:option value="both">{{ phrase('CMTV_QT_threads_and_questions') }}</xf:option>
	<xf:option value="questions_only">{{ phrase('CMTV_QT_questions_only') }}</xf:option>
</xf:selectrow>

<xf:if is="!$forum.isInsert()">
	<xf:checkboxrow name="CMTV_QT_convert">
		<xf:option hint="{{ phrase('CMTV_QT_convert_existing_threads_explain') }}">
			{{ phrase('CMTV_QT_convert_existing_threads') }}
		</xf:option>
	</xf:checkboxrow>
</xf:if>]]></template>
  <template type="email" title="CMTV_QT_best_answer_selected" version_id="2010070" version_string="2.1.0"><![CDATA[<mail:subject>
	{{ phrase('CMTV_QT_watched_question_x_best_answer_selected', {
		'title': prefix('thread', $thread, 'escaped') . $thread.title
	}) }}
</mail:subject>

{{ phrase('CMTV_QT_watched_question_best_answer_selected_email_html', {
	'receiver': $receiver.username,
	'sender': username_link_email($post.User, $post.username),
	'board': '<a href="' . link('canonical:index') . '">' . $xf.options.boardTitle . '</a>'
}) }}

<h2><a href="{{ link('canonical:threads', $thread) }}">{{ prefix('thread', $thread, 'escaped') }}{$thread.title}</a></h2>

<xf:if is="$xf.options.emailWatchedThreadIncludeMessage">
	<div class="message">{{ bb_code_type('emailHtml', $post.message, 'post', $post) }}</div>
</xf:if>

<xf:macro template="thread_forum_macros" name="go_thread_bar" arg-thread="{$thread}" arg-watchType="threads" />

<xf:macro template="thread_forum_macros" name="watched_thread_footer" arg-thread="{$thread}" />]]></template>
  <template type="email" title="CMTV_QT_question_marked_solved" version_id="2010070" version_string="2.1.0"><![CDATA[<mail:subject>
	{{ phrase('CMTV_QT_watched_question_x_solved', {
		'title': prefix('thread', $thread, 'escaped') . $thread.title
	}) }}
</mail:subject>

{{ phrase('CMTV_QT_watched_question_solved_email_html', {
	'receiver': $receiver.username,
	'sender': username_link_email($post.User, $post.username),
	'board': '<a href="' . link('canonical:index') . '">' . $xf.options.boardTitle . '</a>'
}) }}

<h2><a href="{{ link('canonical:threads', $thread) }}">{{ prefix('thread', $thread, 'escaped') }}{$thread.title}</a></h2>

<xf:if is="$xf.options.emailWatchedThreadIncludeMessage">
	<div class="message">{{ bb_code_type('emailHtml', $post.message, 'post', $post) }}</div>
</xf:if>

<xf:macro template="thread_forum_macros" name="go_thread_bar" arg-thread="{$thread}" arg-watchType="threads" />

<xf:macro template="thread_forum_macros" name="watched_thread_footer" arg-thread="{$thread}" />]]></template>
  <template type="public" title="CMTV_QT_best_answer_button" version_id="2010070" version_string="2.1.0"><![CDATA[<xf:if is="$post.canDisplaySelectBestAnswer() && $post.canSelectBestAnswer()">
	<a href="{{ link('posts/selectBestAnswer', $post) }}" class="CMTV_QT bestAnswerButton bestAnswerButton--select">
		<xf:macro name="mark" arg-state="select" arg-context="best_answer_button" template="CMTV_QT_best_answer_mark_macros" />
		{{ phrase('CMTV_QT_best_answer') }}
	</a>
</xf:if>

<xf:if is="$post.canDisplayUnselectBestAnswer() && $post.canUnselectBestAnswer()">
	<a href="{{ link('posts/unselectBestAnswer', $post) }}" class="CMTV_QT bestAnswerButton bestAnswerButton--unselect">
		<xf:macro name="mark" arg-state="unselect" arg-context="best_answer_button" template="CMTV_QT_best_answer_mark_macros" />
		{{ phrase('CMTV_QT_not_best_answer') }}
	</a>
</xf:if>]]></template>
  <template type="public" title="CMTV_QT_best_answer_indicator" version_id="2010070" version_string="2.1.0"><![CDATA[<xf:if is="$post.canDisplayUnselectBestAnswer() && property('CMTV_QT_best_answer_type') == 'indicator'">
	<li>
		<span class="CMTV_QT bestAnswerIndicator">{{ phrase('CMTV_QT_best_answer') }}</span>
	</li>
</xf:if>]]></template>
  <template type="public" title="CMTV_QT_best_answer_mark.less" version_id="2010070" version_string="2.1.0"><![CDATA[.CMTV_QT
{	
	&.bestAnswerMarkContainer
	{
		display: inline-block;

		.bestAnswerMark
		{
			&.bestAnswerMark--shape.bestAnswerMark
			{
				.xf-CMTV_QT_best_answer_mark_shape_styling();
			}
			
			&.bestAnswerMark--icon.bestAnswerMark
			{
				&--thread_list, &--thread_title
				{	
					font-size: 14px;
				}
				
				&--thread_title
				{
					position: relative;
					top: -2px;
				}
			}
			
			&.bestAnswerMark--image.bestAnswerMark
			{
				width: 18px;
				height: 18px;
				
				vertical-align: baseline;
				
				&--thread_list, &--thread_title
				{
					position: relative;
					top: 2px;
				}

				&--thread_title
				{
					width: 20px;
					height: 20px;
				}
				
				&--best_answer_button
				{
					width: 16px;
					height: 16px;
					
					vertical-align: text-bottom;
				}
			}
			
			.xf-CMTV_QT_best_answer_mark_extra_styling();
		}
	}
}]]></template>
  <template type="public" title="CMTV_QT_best_answer_mark_macros" version_id="2010070" version_string="2.1.0"><![CDATA[<xf:macro name="mark_link" arg-link="!" arg-context="!" arg-state="!">
	<a href="{$link}" title="{{ phrase('CMTV_QT_best_answer') }}" class="CMTV_QT bestAnswerMarkContainer">
		<xf:macro name="mark_inner" arg-context="{$context}" arg-state="{$state}" />
	</a>
</xf:macro>

<xf:macro name="mark" arg-context="!" arg-state="!">
	<div class="CMTV_QT bestAnswerMarkContainer">
		<xf:macro name="mark_inner" arg-context="{$context}" arg-state="{$state}" />
	</div>
</xf:macro>

<xf:macro name="mark_inner" arg-context="!" arg-state="!">
	<xf:css src="CMTV_QT_best_answer_mark.less" />
	
	<xf:set var="$type" value="{{ property('CMTV_QT_best_answer_mark_type') }}" />
	<xf:set var="$classes" value="CMTV_QT bestAnswerMark bestAnswerMark--{$context} bestAnswerMark--{$state} bestAnswerMark--{$type}" />
	
	<xf:if is="$type == 'icon'">
		<xf:fa class="{$classes}" icon="{{ ($state == 'select') ? property('CMTV_QT_select_best_answer_mark_icon') : property('CMTV_QT_unselect_best_answer_mark_icon') }}"></xf:fa>
	<xf:elseif is="$type == 'image'" />
		<img class="{$classes}" src="{{ ($state == 'select') ? property('CMTV_QT_select_best_answer_mark_img') : property('CMTV_QT_unselect_best_answer_mark_img') }}" />
	<xf:else />
		<div class="{$classes}"></div>
	</xf:if>
</xf:macro>]]></template>
  <template type="public" title="CMTV_QT_best_answers_stat_pair" version_id="2010070" version_string="2.1.0"><![CDATA[<!--[CMTV\QuestionThreads:stat_pairs:above_best_answers]-->
<xf:if is="property('CMTV_QT_best_answer_count_user_stats')">
	<dl class="pairs pairs--rows pairs--rows--centered fauxBlockLink">
		<dt>{{ phrase('CMTV_QT_best_answers') }}</dt>
		<dd>
			<a href="{{ link('members/best-answers', $user) }}" class="fauxBlockLink-linkRow u-concealed">
				{$user.CMTV_QT_best_answer_count|number}
			</a>
		</dd>
	</dl>
</xf:if>
<!--[CMTV\QuestionThreads:stat_pairs:above_best_answers]-->]]></template>
  <template type="public" title="CMTV_QT_member_best_answers" version_id="2010070" version_string="2.1.0"><![CDATA[<xf:title>{{ phrase('CMTV_QT_x_best_answers', {'name': $user.username}) }}</xf:title>

<xf:head option="metaNoindex"><meta name="robots" content="noindex" /></xf:head>

<xf:breadcrumb href="{{ link('members', $user) }}">{$user.username}</xf:breadcrumb>

<xf:if is="$total">
	<div class="block">
		<div class="block-container">
			<ol class="block-body">
				<xf:foreach loop="$bestAnswers" value="$post">
					<xf:include template="search_result_post" />
				</xf:foreach>
			</ol>
		</div>

		<xf:pagenav link="members/best-answers" data="{$user}" page="{$page}" perpage="{$perPage}" total="{$total}"
					wrapperclass="block-outer block-outer--after" />
	</div>
<xf:else />
	<div class="blockMessage">
		<xf:if is="$xf.visitor.user_id === $user.user_id">
			{{ phrase('CMTV_QT_you_do_not_have_any_best_answers_yet') }}
		<xf:else />
			{{ phrase('CMTV_QT_x_do_not_have_any_best_answers_yet', {'name': $user.username}) }}
		</xf:if>
	</div>
</xf:if>]]></template>
  <template type="public" title="CMTV_QT_question_mark.less" version_id="2010070" version_string="2.1.0"><![CDATA[/*.CMTV_QT
{
	&.questionMarkContainer
	{
		display: inline-block;
		
		padding-right: @xf-paddingSmall;

		.questionMark
		{			
			width: 10px;
			height: 10px;
			
			border: @xf-borderSize solid;
			
			position: relative;
			top: -1px;
						
			&--thread_view
			{
				top: -3px;
			}
						
			&--solved
			{
				background-color: @xf-CMTV_QT_question_mark_solved_color;
				border-color: darken(@xf-CMTV_QT_question_mark_solved_color, 12%);
			}
			
			&--unsolved
			{
				background-color: @xf-CMTV_QT_question_mark_unsolved_color;
				border-color: darken(@xf-CMTV_QT_question_mark_unsolved_color, 12%);
			}
						
			&--circle
			{
				border-radius: 50%;
			}
			
			&--square
			{
				border-radius: 0;
			}
			
			&--custom
			{
				.xf-CMTV_QT_question_mark_custom_styling();
			}
		}
	}
}*/

.CMTV_QT
{
	&.questionMarkContainer
	{
		display: inline-block;
		
		.questionMark
		{
			&--thread_list
			{
				margin-right: @xf-paddingSmall;
			}
			
			&.questionMark--shape.questionMark
			{
				&--thread_title
				{
					position: relative;
					top: -2px;
				}
				
				.xf-CMTV_QT_question_mark_shape_styling();
			}
			
			&.questionMark--icon.questionMark
			{
				font-size: 14px;
				
				&--solved
				{
					color: @xf-CMTV_QT_question_mark_solved_color;
				}
				
				&--unsolved
				{
					color: @xf-CMTV_QT_question_mark_unsolved_color;
				}
				
				&--thread_title
				{
					position: relative;
					top: -2px;
				}
			}
			
			&.questionMark--image.questionMark
			{
				width: 18px;
				height: 18px;
				
				vertical-align: baseline;
				
				&--thread_list, &--thread_title
				{
					position: relative;
					top: 2px;
				}
				
				&--thread_title
				{
					width: 20px;
					height: 20px;
				}
			}
			
			.xf-CMTV_QT_question_mark_extra_styling();
		}
	}
}]]></template>
  <template type="public" title="CMTV_QT_question_mark_macros" version_id="2010070" version_string="2.1.0"><![CDATA[<xf:macro name="mark" arg-context="!" arg-state="!">
	<div class="CMTV_QT questionMarkContainer" title="{{ ($state == 'solved') ? phrase('CMTV_QT_solved') : phrase('CMTV_QT_unsolved') }}">
		<xf:macro name="mark_inner" arg-context="{$context}" arg-state="{$state}" />
	</div>
</xf:macro>

<xf:macro name="mark_inner" arg-context="!" arg-state="!">
	<xf:css src="CMTV_QT_question_mark.less" />
	
	<xf:set var="$type" value="{{ property('CMTV_QT_question_mark_type') }}" />
	<xf:set var="$classes" value="CMTV_QT questionMark questionMark--{$context} questionMark--{$state} questionMark--{$type}" />
	
	<xf:if is="$type == 'image'">
		<img class="{$classes}" src="{{ ($state == 'solved') ? property('CMTV_QT_question_mark_solved_img') : property('CMTV_QT_question_mark_unsolved_img') }}" />
	<xf:elseif is="$type == 'icon'" />
		<xf:fa class="{$classes}" icon="{{ ($state == 'solved') ? property('CMTV_QT_question_mark_solved_icon') : property('CMTV_QT_question_mark_unsolved_icon') }}"></xf:fa>
	<xf:else />
		<div class="{$classes}"></div>
	</xf:if>
</xf:macro>]]></template>
  <template type="public" title="CMTV_QT_questions_only_forums.less" version_id="2010070" version_string="2.1.0"><![CDATA[// Node icon

.node-icon
{
	i
	{
		.node--forum.node--questionsOnly &:before
		{
			.m-faContent(@fa-var-question-circle);
		}
	}
}]]></template>
  <template type="public" title="CMTV_QT_solve_unsolve_buttons" version_id="2010070" version_string="2.1.0"><![CDATA[<xf:pageaction if="$thread.CMTV_QT_is_question">
	<xf:if is="!$thread.CMTV_QT_is_solved && $thread.canMarkSolved()">
		<xf:button href="{{ link('threads/markSolved', $thread) }}" class="CMTV_QT button--solve" fa="fa-check">
			{{ phrase('CMTV_QT_mark_as_solved') }}
		</xf:button>
	</xf:if>

	<xf:if is="$thread.CMTV_QT_is_solved && $thread.canMarkUnsolved()">
		<xf:button href="{{ link('threads/markUnsolved', $thread) }}" class="CMTV_QT button--unsolve" fa="fa-times">
			{{ phrase('CMTV_QT_mark_as_unsolved') }}
		</xf:button>
	</xf:if>
</xf:pageaction>]]></template>
  <template type="public" title="CMTV_QT_thread_marks_macros" version_id="2010070" version_string="2.1.0"><![CDATA[<xf:macro name="thread_marks" arg-context="!" arg-thread="!">
	<xf:if is="$thread.CMTV_QT_is_question">
		<xf:macro name="mark" template="CMTV_QT_question_mark_macros" 
				  arg-context="{$context}" arg-state="{{ $thread.CMTV_QT_is_solved ? 'solved' : 'unsolved' }}" />
		
		<xf:set var="$bestAnswer" value="{$thread.BestAnswer}" />
		
		<xf:if is="$thread.CMTV_QT_is_solved && $bestAnswer">
			<xf:macro name="mark_link" template="CMTV_QT_best_answer_mark_macros" 
					  arg-context="{$context}" arg-state="select"
					  arg-link="{{ link('posts', $bestAnswer.BestAnswerPost) }}" />
		</xf:if>
	</xf:if>
</xf:macro>]]></template>
  <template type="public" title="CMTV_QT_thread_type" version_id="2010070" version_string="2.1.0"><![CDATA[<xf:if is="$thread.isInsert()">
	<xf:if is="$forum.CMTV_QT_type == 'both'">
		<xf:macro name="type_selector" arg-isQuestion="{{ false }}" />
	</xf:if>
<xf:else />
	<xf:if is="$xf.visitor.hasPermission('CMTV_QT', 'editAnyThreadType')">
		<xf:macro name="type_selector" arg-isQuestion="{$thread.CMTV_QT_is_question}" />
	</xf:if>
</xf:if>

<xf:macro name="type_selector" arg-isQuestion="!">
	<xf:radiorow name="CMTV_QT_is_question" value="{$isQuestion}" label="{{ phrase('type') }}">
		<xf:option value="0">{{ phrase('thread') }}</xf:option>
		<xf:option value="1">{{ phrase('question') }}</xf:option>
	</xf:radiorow>
</xf:macro>]]></template>
  <template type="public" title="CMTV_QT_thread_view.less" version_id="2010070" version_string="2.1.0"><![CDATA[.CMTV_QT
{
	// Solve and Unsolve page action buttons
	
	&.button
	{	
		&--solve
		{
			background: @xf-CMTV_QT_solve_button_color;
			.m-buttonBlockColorVariationSimple(@xf-CMTV_QT_solve_button_color);
		}
		
		&--unsolve
		{
			background: @xf-CMTV_QT_unsolve_button_color;
			.m-buttonBlockColorVariationSimple(@xf-CMTV_QT_unsolve_button_color);
		}
	}
	
	// Best answer

	&.bestAnswer:not(.is-mod-selected).bestAnswer
	{

		&--background
		{
			.message-cell--main
			{
				background: @xf-CMTV_QT_best_answer_bg_color;
			}
			
			.message-userArrow::after
			{
				border-right-color: @xf-CMTV_QT_best_answer_bg_color;
			}
		}
		
		&--colorUser
		{
			.message-cell--user
			{
				background: @xf-CMTV_QT_best_answer_user_bg_color;
			}
		}
		
		.xf-CMTV_QT_best_answer_post_styling();
	}
	
	// Best answer button
	
	&.bestAnswerButton
	{
		.xf-CMTV_QT_best_answer_button_extra_styling();
	}
	
	// Best answer indicator
	
	&.bestAnswerIndicator
	{
		.xf-CMTV_QT_best_answer_indicator_styling();
	}
}]]></template>
  <template type="public" title="alert_post_best_answer_selected" version_id="2010070" version_string="2.1.0"><![CDATA[<xf:macro name="mark" template="CMTV_QT_best_answer_mark_macros" arg-context="alert" arg-state="select" />

<xf:if is="$xf.visitor.user_id == $content.user_id">
	{{ phrase('CMTV_QT_x_marked_your_answer_as_best_answer_of_y_question', {
		'name': username_link($user, false, {'defaultname': $alert.username}),
		'title': '<a href="' . link('posts', $content) . '" class="fauxBlockLink-blockLink">' . prefix('thread', $content.Thread) . $content.Thread.title . '</a>'
	}) }}
<xf:else />
	{{ phrase('CMTV_QT_x_selected_the_best_answer_of_y_question', {
		'name': username_link($user, false, {'defaultname': $alert.username}),
		'title': '<a href="' . link('posts', $content) . '" class="fauxBlockLink-blockLink">' . prefix('thread', $content.Thread) . $content.Thread.title . '</a>'
	}) }}
</xf:if>]]></template>
  <template type="public" title="alert_thread_marked_solved" version_id="2010070" version_string="2.1.0"><![CDATA[<xf:macro name="mark" template="CMTV_QT_question_mark_macros" arg-context="alert" arg-state="solved" />

{{ phrase('CMTV_QT_x_marked_question_y_as_solved', {
	'name': username_link($user, false, {'defaultname': $alert.username}),
	'title': '<a href="' . link('threads', $content) . '" class="fauxBlockLink-blockLink">' . prefix('thread', $content) . $content.title . '</a>'
}) }}]]></template>
  <template type="public" title="news_feed_item_post_best_answer" version_id="2010070" version_string="2.1.0"><![CDATA[<div class="contentRow-title">
	{{ phrase('news_feed_post_best_answer', {
		'username': username_link($user, false, {'defaultname': $newsFeed.username}),
		'threadTitle': '<a href="' . link('posts', $content) . '">' . prefix('thread', $content.Thread) . $content.Thread.title . '</a>'
	}) }}
</div>

<div class="contentRow-snippet">{{ snippet($content.message, $xf.options.newsFeedMessageSnippetLength, {'stripQuote': true}) }}</div>
<xf:if is="{$content.attach_count}">
	<xf:macro template="news_feed_attached_images" name="attached_images"
		arg-attachments="{$content.Attachments}" arg-link="{{ link('posts', $content) }}" />
</xf:if>

<div class="contentRow-minor"><xf:date time="{$newsFeed.event_date}" /></div>]]></template>
  <template type="public" title="news_feed_item_thread_marked_solved" version_id="2010070" version_string="2.1.0"><![CDATA[<div class="contentRow-title">
	{{ phrase('news_feed_thread_marked_solved', {
		'username': username_link($user, false, {'defaultname': $newsFeed.username}),
		'threadTitle': '<a href="' . link('threads', $content) . '">' . prefix('thread', $content) . $content.title . '</a>'
	}) }}
</div>

<div class="contentRow-snippet">{{ snippet($content.FirstPost.message, $xf.options.newsFeedMessageSnippetLength, {'stripQuote': true}) }}</div>
<xf:if is="{$content.FirstPost.attach_count}">
	<xf:macro template="news_feed_attached_images" name="attached_images"
		arg-attachments="{$content.FirstPost.Attachments}" arg-link="{{ link('threads', $content) }}" />
</xf:if>

<div class="contentRow-minor"><xf:date time="{$newsFeed.event_date}" /></div>]]></template>
</templates>
