{
    "src/addons/QuestionThreads/addon.json": "d3f8f46cb9f7e8894291487730971ecd3f83b69695c6887b34ff56296b621456",
    "src/addons/QuestionThreads/ExtendEntities.php": "160120977243212af6cd78f613e09e0a88c0a44c06b87bee944460a12777fef5",
    "src/addons/QuestionThreads/Job/Alerter.php": "243c5885f2d7b46aae20d88535964ea2a050aa41f888a64319777c1c80f98f6c",
    "src/addons/QuestionThreads/Job/Emailer.php": "0e2c1cd41e247c64e9fae37704ff0f11ab8f0975337009d85db1435fa12dcedb",
    "src/addons/QuestionThreads/Job/QuestionsForumConverter.php": "3b71413d445f14779b46c2e223a5d66aa35e695bb51a6db46d549a2790233409",
    "src/addons/QuestionThreads/LICENSE": "589ed823e9a84c56feb95ac58e7cf384626b9cbf4fda2a907bc36e103de1bad2",
    "src/addons/QuestionThreads/NotificationHelper.php": "b7c52c7cdd7e261efdb70bd0684ea6b6722ff659defc3ca08afd90cd2ed84be7",
    "src/addons/QuestionThreads/Setup.php": "ddd9f176d80036d72f9341e5d3db1428893f2453bc48ac3db1726ab7e1b8f1ef",
    "src/addons/QuestionThreads/XF/Admin/Controller/Forum.php": "c476a8d599d35b8d4e5e2c73d97c1071c25bcbb1a37f6deda95c63d35fee6050",
    "src/addons/QuestionThreads/XF/Entity/Post.php": "01533447f6f05bff0375d15c738716dca67ce0763b4562bf1effac6e821d4333",
    "src/addons/QuestionThreads/XF/Entity/Thread.php": "565ac4472a8423d54abce9138d909239298035e667213d763f32c46fda27b99c",
    "src/addons/QuestionThreads/XF/Pub/Controller/Forum.php": "c09c09ad22ad2bfbd94b6b934f0506e0b7f37468c9b062377e58681beb09eb8b",
    "src/addons/QuestionThreads/XF/Pub/Controller/Post.php": "da5325ba8aed32a7acf1d7e82acd015ea2f6a6ed163b914b4487129010e2c860",
    "src/addons/QuestionThreads/XF/Pub/Controller/Thread.php": "16cf3d52cf07cceb51151d192bbf491dbdf5ac5dd12519070b8c1add19e74966",
    "src/addons/QuestionThreads/XF/Service/Thread/Creator.php": "f4e5430baf0787768caf5b116a353d8e9e71eb2243f792a2121bdf24ef2e6d70",
    "src/addons/QuestionThreads/XF/Service/Thread/Editor.php": "51fd49777275b3d65cb4076082c39379c805c70c49a0817c32ad25a8283c6648",
    "src/addons/QuestionThreads/_data/class_extensions.xml": "9729daa8ebde55e15448b6658720e964efd66679a2bbb0fc474d52b919ebc13a",
    "src/addons/QuestionThreads/_data/code_event_listeners.xml": "3288d3257cd3d7d2d184c4e85d6ff596fa5fd47aa089715a160863b608ccb9f1",
    "src/addons/QuestionThreads/_data/permissions.xml": "e5c0c08b59ff403623513e7174d3d764376c0804be4ce38fc779f4bff84a8bd0",
    "src/addons/QuestionThreads/_data/phrases.xml": "7a92f64f1ab2fe4594e5765b444a24ebf75260329906a85af1d3fb49a2616380",
    "src/addons/QuestionThreads/_data/style_properties.xml": "b72298187d054821ca7969fa7ee6ec2bc900cc7fe01f00fc08fc10898be59534",
    "src/addons/QuestionThreads/_data/style_property_groups.xml": "6f94c6ca80b8f1d09ffcf89af041367fc1ebd3a17a7aa8700e21a80064aa256b",
    "src/addons/QuestionThreads/_data/templates.xml": "b79d927fc847b4a79d29a45427158bf756f1a3e080efda6613102a425d2199e4",
    "src/addons/QuestionThreads/_data/template_modifications.xml": "77d722a1e1eba4ae96de785deef2a3310acfd094cb3eeb19693ebe5c72704140"
}