{
    "js/questionthreads/iconpicker_config.js": "1a5bee487d3803d4fa1b6cd719e329e25760130d26250e8f6d6aaac980c03e8a",
    "js/questionthreads/vendor/iconpicker/jquery.fonticonpicker.min.js": "9adb63b8548b60553a1ce222cb3a2f69b99f2d53f4d4e22fb93d9757a0c1a415",
    "src/addons/QuestionThreads/addon.json": "e55e5596ee619154f67fe76d855876df7762d4284eb352762a5ca362c883efc6",
    "src/addons/QuestionThreads/ExtendEntities.php": "160120977243212af6cd78f613e09e0a88c0a44c06b87bee944460a12777fef5",
    "src/addons/QuestionThreads/Job/Alerter.php": "243c5885f2d7b46aae20d88535964ea2a050aa41f888a64319777c1c80f98f6c",
    "src/addons/QuestionThreads/Job/Emailer.php": "0e2c1cd41e247c64e9fae37704ff0f11ab8f0975337009d85db1435fa12dcedb",
    "src/addons/QuestionThreads/Job/QuestionsForumConverter.php": "3b71413d445f14779b46c2e223a5d66aa35e695bb51a6db46d549a2790233409",
    "src/addons/QuestionThreads/LICENSE": "589ed823e9a84c56feb95ac58e7cf384626b9cbf4fda2a907bc36e103de1bad2",
    "src/addons/QuestionThreads/NotificationHelper.php": "b7c52c7cdd7e261efdb70bd0684ea6b6722ff659defc3ca08afd90cd2ed84be7",
    "src/addons/QuestionThreads/Setup.php": "6a0100fd5d53050c667d9685b776aaede28ad93b064b77ded274f125cb403b56",
    "src/addons/QuestionThreads/XF/Admin/Controller/Forum.php": "b7bc02e1d0993ab6d1b3baf580af4648b036f5d6ff88ac74db44603bc8cf2b91",
    "src/addons/QuestionThreads/XF/Entity/Post.php": "44d698276b20b77a5f48a7dc871789293fc46110bd2d9d66d236758658f58455",
    "src/addons/QuestionThreads/XF/Entity/Thread.php": "565ac4472a8423d54abce9138d909239298035e667213d763f32c46fda27b99c",
    "src/addons/QuestionThreads/XF/Pub/Controller/Forum.php": "c09c09ad22ad2bfbd94b6b934f0506e0b7f37468c9b062377e58681beb09eb8b",
    "src/addons/QuestionThreads/XF/Pub/Controller/Post.php": "f171ec06862f8b31293cd16027ddaf736ec5ecb82055a86b1d220daf621778ae",
    "src/addons/QuestionThreads/XF/Pub/Controller/Thread.php": "16cf3d52cf07cceb51151d192bbf491dbdf5ac5dd12519070b8c1add19e74966",
    "src/addons/QuestionThreads/XF/Service/Thread/Creator.php": "f4e5430baf0787768caf5b116a353d8e9e71eb2243f792a2121bdf24ef2e6d70",
    "src/addons/QuestionThreads/XF/Service/Thread/Editor.php": "51fd49777275b3d65cb4076082c39379c805c70c49a0817c32ad25a8283c6648",
    "src/addons/QuestionThreads/_data/class_extensions.xml": "9729daa8ebde55e15448b6658720e964efd66679a2bbb0fc474d52b919ebc13a",
    "src/addons/QuestionThreads/_data/code_event_listeners.xml": "3288d3257cd3d7d2d184c4e85d6ff596fa5fd47aa089715a160863b608ccb9f1",
    "src/addons/QuestionThreads/_data/permissions.xml": "e5c0c08b59ff403623513e7174d3d764376c0804be4ce38fc779f4bff84a8bd0",
    "src/addons/QuestionThreads/_data/phrases.xml": "b6d02b6690ea1d306e8e44265c4d80948047b6e349ff3c2a528310837b5922f3",
    "src/addons/QuestionThreads/_data/style_properties.xml": "3faf8cce6c615858260082148a4fec18fce6292568bff27097c9d17ac600d075",
    "src/addons/QuestionThreads/_data/style_property_groups.xml": "6f94c6ca80b8f1d09ffcf89af041367fc1ebd3a17a7aa8700e21a80064aa256b",
    "src/addons/QuestionThreads/_data/templates.xml": "1e0168ca16bb93b687d4a8ef6c9399c47c6e79e917fc322c26e6bde819eb21a4",
    "src/addons/QuestionThreads/_data/template_modifications.xml": "7b5eb89469db5c4bebeddb31b4177a49057684a1fb0c3ba914898e5d33f68788",
    "styles/fonts/questionthreads/iconpicker/iconpicker.eot": "3e16e3eb9ffb140a02e3cba517ca22369a6f09dda0b73fa53f8a76b0cecda57b",
    "styles/fonts/questionthreads/iconpicker/iconpicker.svg": "ef2a586503feb847ffe6728149831fd9d51a161ec49c9509bf05ab4c2b65fc6b",
    "styles/fonts/questionthreads/iconpicker/iconpicker.ttf": "37d840cb3df444f5bd2a97d2ccda7fb227c5674cd0861d7bb08dcd8c833cd0d0",
    "styles/fonts/questionthreads/iconpicker/iconpicker.woff": "94170e7251069fd2868ec319fc60a9c5dacc0dac5970842adad14f12b7e988ff"
}