{
    "src/addons/QuestionThreads/addon.json": "ee16712da62b7bb1dc3f85b43833ce87e4702ec5b3b5842b10fc1ca5292f1626",
    "src/addons/QuestionThreads/Entity/BestAnswer.php": "0b3005b06c558e8f3eb66adf8376bca012d7c4f09faa0b4b6f1541a7cd4db8fd",
    "src/addons/QuestionThreads/Job/AlertWatchers.php": "85e18a813a3042a1927a773228a871e171e48ed88bb05b44a436b56ae2f473d0",
    "src/addons/QuestionThreads/Job/ConvertForumThreads.php": "d692105a98cf44f6a34ca4ced4bb6f4ecae27ee04d64d682285ba8c317f73bf6",
    "src/addons/QuestionThreads/Job/RebuildBestAnswerCounts.php": "98955f5ba98380d42261ff92f66572e345e02c25f71c87dc3c6f64ec0905ecbc",
    "src/addons/QuestionThreads/MemberStat/BestAnswers.php": "26bbc1a1a6c0e0d13b075e9048302a67455f2ab088dc54973ca2e0314447c44c",
    "src/addons/QuestionThreads/Repository/BestAnswer.php": "e106e9afd812da23acdb1a09774787b31f8623e971e8d4616cebb95f5049eda7",
    "src/addons/QuestionThreads/Repository/Forum.php": "8f94dace220985e045b21feb5fe1a5ec52d96e648d4236069f46c076f9a1c526",
    "src/addons/QuestionThreads/Repository/Thread.php": "c1fb3fa7d0f50aa45af01b724737f979e1ce9dfdc09b03d01dafa358a88839b6",
    "src/addons/QuestionThreads/Setup.php": "a5cf83ac994209ef30eaf905d6a4e773330f904f636b8c5dc359ac60797778bc",
    "src/addons/QuestionThreads/XF/Admin/Controller/Forum.php": "97146788e891c22f4b1751505c2416597a29eb3f7f823efa6fbd88abd2d7dc40",
    "src/addons/QuestionThreads/XF/Criteria/User.php": "ad35de70ae3dcfccb848384a013cfca2d16bc6bb010b2f4286617c5f8d7202c5",
    "src/addons/QuestionThreads/XF/Entity/Forum.php": "41146049f509312d78a0b18e6b1819c1cd355db4359faa7a6d02fe42e3e7c83f",
    "src/addons/QuestionThreads/XF/Entity/Post.php": "364f3632581d88ee7d8088aa12b35c6ddeecc2ffe7c4df1baae9488eda8d6237",
    "src/addons/QuestionThreads/XF/Entity/Thread.php": "ff16313965a6c58431a778a1bc1880240517a555fdb177001a7e8fdcdde78468",
    "src/addons/QuestionThreads/XF/Entity/User.php": "a39c4155ed03c3a31488f82e2dfc786758b9b7a21dc309344584f853e6806188",
    "src/addons/QuestionThreads/XF/Pub/Controller/Forum.php": "f559f51ba8f6c15d9af0744b154dac25a8b77f758eb8d3793ab5822627251322",
    "src/addons/QuestionThreads/XF/Pub/Controller/Member.php": "72c459c4bb8f24ec4783e5e1897f2dd4107da1e6f56cd55b58cfa3bd9746e1be",
    "src/addons/QuestionThreads/XF/Pub/Controller/Post.php": "612581f413bed9c796e48930b0a30e1d0bdc5288ab2b97c29bbdd310a01c8613",
    "src/addons/QuestionThreads/XF/Pub/Controller/Thread.php": "688b9cd1e8002a989053fbee66e00c9a0d4dcb61b672671b1f16e841a9a1a84d",
    "src/addons/QuestionThreads/_data/class_extensions.xml": "ed57d642b662e9a2e9100e6290e0183d45c0cbfe7445254e4130929442b5a6f2",
    "src/addons/QuestionThreads/_data/member_stats.xml": "eaa165eb4bb4c2acdbb8c14bf637a6158e4941af9f05bd7fbdba727a888d73cf",
    "src/addons/QuestionThreads/_data/options.xml": "77df5678ee82381ce033d9c4e94034796c9ddf765b3ef5f350509f7535abb716",
    "src/addons/QuestionThreads/_data/option_groups.xml": "02f54bdac61752428a3307f1b39f69de7cd3a1423cdf1d1a58ab25730aa826e4",
    "src/addons/QuestionThreads/_data/permissions.xml": "8d2ef82c92bf15698bb100de834dfc9ee083a58420d4dc695e183d0e6da5e1b2",
    "src/addons/QuestionThreads/_data/permission_interface_groups.xml": "9769b9b231d3bcd7816a8204f02e7403019b94ca2d5371939449e8d161de2559",
    "src/addons/QuestionThreads/_data/phrases.xml": "91e00d4295d0931415381995122c040c9efc310ffda43464a01e473bded5872e",
    "src/addons/QuestionThreads/_data/style_properties.xml": "2684d665976a4fddc4ae655f08dd26fea8953311eb9346b739cdaedc9817b88b",
    "src/addons/QuestionThreads/_data/style_property_groups.xml": "d231b6076671d500b07d515589e69616e46332095727046b512579eca49ec813",
    "src/addons/QuestionThreads/_data/templates.xml": "b874dc90c03d4d60b469727d98d9ebf251205868c8d5414d55ef5a64ad709e97",
    "src/addons/QuestionThreads/_data/template_modifications.xml": "2413efaca15827babd13c820c29f66353aee1d4e25201608bcf83570b0bab5d2"
}