{
    "src/addons/QuestionThreads/addon.json": "1e31b5c98fca630018419dc82102bb17cabb1e356d76aee4d17618888c364741",
    "src/addons/QuestionThreads/ExtendEntities.php": "160120977243212af6cd78f613e09e0a88c0a44c06b87bee944460a12777fef5",
    "src/addons/QuestionThreads/Job/Alerter.php": "243c5885f2d7b46aae20d88535964ea2a050aa41f888a64319777c1c80f98f6c",
    "src/addons/QuestionThreads/Job/Emailer.php": "0e2c1cd41e247c64e9fae37704ff0f11ab8f0975337009d85db1435fa12dcedb",
    "src/addons/QuestionThreads/Job/QuestionsForumConverter.php": "3b71413d445f14779b46c2e223a5d66aa35e695bb51a6db46d549a2790233409",
    "src/addons/QuestionThreads/LICENSE": "589ed823e9a84c56feb95ac58e7cf384626b9cbf4fda2a907bc36e103de1bad2",
    "src/addons/QuestionThreads/NotificationHelper.php": "b7c52c7cdd7e261efdb70bd0684ea6b6722ff659defc3ca08afd90cd2ed84be7",
    "src/addons/QuestionThreads/Setup.php": "6a0100fd5d53050c667d9685b776aaede28ad93b064b77ded274f125cb403b56",
    "src/addons/QuestionThreads/XF/Admin/Controller/Forum.php": "e599d02c4ea9bc22000f47d4d39512b5d570a3696ef3dbbeb0c52f615811a1ae",
    "src/addons/QuestionThreads/XF/Entity/Post.php": "44d698276b20b77a5f48a7dc871789293fc46110bd2d9d66d236758658f58455",
    "src/addons/QuestionThreads/XF/Entity/Thread.php": "565ac4472a8423d54abce9138d909239298035e667213d763f32c46fda27b99c",
    "src/addons/QuestionThreads/XF/Pub/Controller/Forum.php": "c09c09ad22ad2bfbd94b6b934f0506e0b7f37468c9b062377e58681beb09eb8b",
    "src/addons/QuestionThreads/XF/Pub/Controller/Post.php": "f171ec06862f8b31293cd16027ddaf736ec5ecb82055a86b1d220daf621778ae",
    "src/addons/QuestionThreads/XF/Pub/Controller/Thread.php": "16cf3d52cf07cceb51151d192bbf491dbdf5ac5dd12519070b8c1add19e74966",
    "src/addons/QuestionThreads/XF/Service/Thread/Creator.php": "f4e5430baf0787768caf5b116a353d8e9e71eb2243f792a2121bdf24ef2e6d70",
    "src/addons/QuestionThreads/XF/Service/Thread/Editor.php": "51fd49777275b3d65cb4076082c39379c805c70c49a0817c32ad25a8283c6648",
    "src/addons/QuestionThreads/_data/class_extensions.xml": "9729daa8ebde55e15448b6658720e964efd66679a2bbb0fc474d52b919ebc13a",
    "src/addons/QuestionThreads/_data/code_event_listeners.xml": "3288d3257cd3d7d2d184c4e85d6ff596fa5fd47aa089715a160863b608ccb9f1",
    "src/addons/QuestionThreads/_data/permissions.xml": "e5c0c08b59ff403623513e7174d3d764376c0804be4ce38fc779f4bff84a8bd0",
    "src/addons/QuestionThreads/_data/phrases.xml": "7a92f64f1ab2fe4594e5765b444a24ebf75260329906a85af1d3fb49a2616380",
    "src/addons/QuestionThreads/_data/style_properties.xml": "84d94678937f6be9d48c023c4fd85a46b33a4639790137ce9c5283b8b9673bc4",
    "src/addons/QuestionThreads/_data/style_property_groups.xml": "6f94c6ca80b8f1d09ffcf89af041367fc1ebd3a17a7aa8700e21a80064aa256b",
    "src/addons/QuestionThreads/_data/templates.xml": "3aa9368f0c52b9bec8861e5e395ee52058758e42845b375126e04db149f659e7",
    "src/addons/QuestionThreads/_data/template_modifications.xml": "11bcc4b2643b855f2bbe4ee1485f6b28d3f180e10663dcaf7ac626feee5f9ee4"
}